Product_id,Selling_Price
BLAE6DPHRB25VEHK,0
RTRDYYTZVSFZQXWF,0
PBXEAP3SGKSH89XC,0
TOPDQAUYZKH2GDTM,0
PCSE76X4QXVW9KG9,0
IRNEGYYUJVPHTSQW,0
SRTEHZJXEJBSFBTD,0
PACEBEW6FSE32PDY,0
BRAECSZGZZUWXVUN,0
SWTEGAG26DSUPQZG,0
CRTECN2QSDV5BZ8T,0
MUGEGZUGBZRFZPAS,0
ARPEF9YKMZBE6KVM,0
ABQEJ7YQTNQGMXZV,0
CRTECN2QTYMM5RGZ,0
WATEYAP38HHARJDT,0
BANDNHT9FSHKAEYM,0
SHOE2GUGZGFYZHEY,0
SKIEDZA3MQZYAV7F,0
BRAE89DEZBEU4GAF,0
VLBEGZ7SQZHZCEGY,0
NKCE4DHEYVPKDMKC,0
SHOEDP8UGDTCBGDR,0
PTPEYW8HMUYRPGAD,0
ACCDX9Y62ETH4WGB,0
NKCE7ZNJDG4VNNFG,0
BRAE7MBPXNHC5QHM,0
PTPEDAU5YYUG6HXN,0
ACCE4YAHHTZNGUCB,0
CRTECN2QSN7HAXRJ,0
PBXEANEFFA8P46FZ,0
PTGEGUPKRM4ARQFJ,0
SHOEC8AYVM7NFH6U,0
CRTECN2QTN6QNFW5,0
MNGEJQYUARJXF9EC,0
TOPEDAFGWRUNR7XC,0
FABE92NVKXGFYBWC,0
WATDJYPXRGYP5XVT,0
WATEF3HQQCVQCJN7,0
NKCE9GY4HKPNJVXD,0
NKCEAFM7NXAMQUEM,0
SFFEGZBXZZQ34JGG,0
NKCE4TV4CFBGWTYH,0
WATEAGN9N869ZYKV,0
PCSE4VAV6VRPYEDV,0
ACCEGPC9DA8TGRYY,0
PCSEAH5WZYZA5EVA,0
NKCE9PYYGDUEHZGH,0
NKCE9AZMGTGHZ3EK,0
NKCDTZCY25CBB7EV,0
TSHEG57QP6AKHGDK,0
SKIEGHG56EC78YXW,0
SHOEBG7YXR7GHBHM,0
NKCEAPCV5FV9UXPX,0
NKCEB3PRFEV5BERA,0
CTTEH9FU4ZNZZKR6,0
SUDEGVGYPKQSBP8T,0
SHOE6VH4NXCGQH9U,0
ACCEGZ65ZJHXZEVH,0
BRAE6FMZCV82TEFT,0
SCHE5Z57P455C5XM,0
NKCED6EXGWZB3EFP,0
PBXEBHJDTZG8HQHZ,0
TOPDQPJKSNPKSQW4,0
NKCE9G2B2HUEGNWZ,0
GCBEGY2PHUY2VVUH,0
ACCEAZCVNQYF3NS4,0
WATE9GH8WRBSPWKJ,0
DRPEHQY8Z5UZFP7V,0
PRCEFR7WX4AFUXZN,0
BBAEGFHXHG9BJS8K,0
WTDEDGHHBXMZB2HG,0
LJGEJQAERF76FRFM,0
WCKE2TYZ4NWZRG9G,0
RNGEDAKFNPUNF5BJ,0
BRAEB2S8XHF9P96G,0
SHIE3FHYZYD3JHQD,0
CRTECN2QSEPYCPAB,0
SNDEBS8AHG8YQZRY,0
SNDE7NSTNHAEACGG,0
CRTECN2QWDZFQESG,0
BRAEDTP5YKZBKWKH,0
TOPE4ZKT3RAVDBZD,0
NKCEASCZVVYGPQNQ,0
BRAEE6KRYYYX2KGQ,0
FABE7ZDZCVMZGUB5,0
SGLEJXMTFUK7ZNEG,0
BWLEG47FHHGVJZZZ,0
RNGEDF5HNYYJGQB9,0
CAGE72HHBRCKQBG5,0
SNDEHZPDUZHD7GXZ,0
TOPEFFNGY3ZWSEJG,0
NKCE57RNP2CDWTGE,0
SUDEGGATFPGVDHXA,0
DIAEJUCFPWJYHFVH,0
CAGE8X8X42FZCBSF,0
NKCE6HZQYGNNJXYZ,0
BFAEYCBMXNQQJ89Y,0
NKCEA5FHN9UWZEH9,0
NKCDYQ3RHXH4Z3ZY,0
BRAEDSKCWKYCKRY4,0
NKCE57RNFHJADNTG,0
DRPEFH4DTHV7DPCT,0
MUGEBJ7XJHMCGNV9,0
BRAEDVYSR3ZZTPED,0
CRTEHSSAM5WKZS3V,0
ACCEGZ66RFRUZXFY,0
CLTEJ5ZZGWBAZUWR,0
SOCEGMXG4JPEFDVC,0
SFFEHWF4HP7HGYUH,0
RTRDPFNAFVJAXHTA,0
SHTE9C3VMAASRH33,0
TOPE7W4CTCPJXDDC,0
CRTECN2QVHMQP5AW,0
BELEG68SBMZFFN5Z,0
WATE6NVSM2KFHF2R,0
WATDJTR9HKKRXKTJ,0
PCSDYQEWUYFPRUWY,0
PCSE4TF4MZ3VZSEJ,0
CRTEA7HAWF5SWAPR,0
BBAEGJFQNBWP6G4G,0
NKCEANMPRGTK8UGM,0
BRAEDTQFE6HWKXXB,0
CAGE5FB5XTQN7WNZ,0
SRTEHVUQP4SJGWEK,0
RNGEYFH68YRGQUWT,0
LJGEG6UCZNNQEGW2,0
NKCE5H4XZMADYXWG,0
BRAEE6YMYZYHKEEX,0
WCKE2TFYSPKJHWJG,0
NKCE5XDEWDYXBG5G,0
NKCEBFWTZFCYPFQJ,0
CRTECN2QUCD97JY3,0
WATEHZZSNFPPGWSH,0
TOPE5MCE7YUGFMHY,0
TOPE93YJPJDNW5EP,0
SHOE6XNZAFUF2SHZ,0
BOTEHDHNKZ9V6XMF,0
COAEJR9HJP5BXJQD,0
FABE7C3TH3C8BXED,0
PACE632TFZZWFNDA,0
TROEGZ8QEYGG6UQD,0
EMLEGZS4Y5EMYR82,0
ACCDXH5FBZWDPPHX,0
ACCE6TJTRVGZSZGB,0
CRTECN2QUGBZ3KVA,0
RTRE3WYAU6HNKCGS,0
ACBECFGTT7FRDPMG,0
DREEC88GXMHEQMRN,0
PBXEBHJDYTYCFFNB,0
NKCDU4RZMJX3CHXA,0
CAGE9YTZHBQ5ZGWM,0
DREEG8AKFGCA467Z,0
PCSE4TF4R4GG6K2D,0
SHIE8HXEFKFNFMF5,0
SHOE652MZ4HZGAZ3,0
BOTEJT4YZXKRPDTY,0
CRTECN2QV3NVJVJY,0
TOPEGH2EMFNHGMFK,0
SHIE6ZSBG6MQDHNX,0
TROEHGFYZTGCAUM9,0
CATEGGZBHAN7EKHN,0
PLWEJS85EQAHQDSG,0
BRAE8WYHWQ2QA6JG,0
BEOEGXRVBCDZKUDU,0
WATECKYXXHUYCHQZ,0
CRTECN2QXXUH8MPZ,0
SOCEDFAY5EHHZKUF,0
PCSECV3FEADN7SYF,0
NKCECC6EY68FVVNF,0
WATEFR35RSGBNGWW,0
TOPECUBZAZUGCZZ5,0
PBXE78PHNHDKDWJV,0
LJGEJQSBCGUWUSTW,0
DUPEGNY42VRHCFMA,0
NKCE2MAAG4QZBFMS,0
NKCECEBZWJR3HYAR,0
DREEGNWHYNHKGHJ9,0
SHOEJUQGGZQPCVYE,0
CAGE5QJGHCGQNQVU,0
SNDEE34X8JHBYBVW,0
NKCECZG4G4HSXXGG,0
TUNEFKJFT6H4JTHG,0
RNGE864HHVXYHTCS,0
SRTEHQFQMZKU9NVY,0
BRAEB2ZTHH74ZRAY,0
CSOE94WXKFHZHW9R,0
CAGE7BZ5CHRWATQ4,0
TOPEHZSZGDFAZZGS,0
NKCE5H4XRHTYGHHJ,0
WATD9XFGAJQGR4AQ,0
RTRECBJ4RMARF56B,0
MUGE6ZDZRGWDC9NF,0
PTPE7FFJTHJDMDB5,0
TOPECEG3APNWUZWP,0
PBXEAKUHWSQ6SJUJ,0
TOPEC8APK93YCFZZ,0
RNGDTBQSME354KFA,0
RTRED5CEHUHGUVAH,0
SGLEGBV65VHSPDC8,0
CRTECN2QZ6QDMMCG,0
PBXE9YWGS6S6HCQF,0
DKOE4CHENGYZ5PEH,0
BBADR6BH7Y9CTAEH,0
NKCE3Y6EKYJEFUYV,0
SHOEBZ65KFSBZKBT,0
RNGE7M92XHFRHZCB,0
ACCEGYP2E2U5ZMGQ,0
NKCE9PFFFTHPRM7P,0
RNGE9HE4FJUJ3CTH,0
TNREBYP73ZT4HUZD,0
DREE3KKWWM9FZD8U,0
RNGE864HDMGUH2FG,0
SUIECPH2HZTAGBHS,0
NKCE2RPCEMFCSMB5,0
ARPEDWXBWZSBKWV8,0
MUGEAGGKWSZ6EVSR,0
PCSE6SJGJX8VCEAZ,0
MUGEAGGKZTAYHVFZ,0
PTPE2GJQXEWHGZEK,0
NKCE5EHJRGWCKXHR,0
ACCE3YFF2ERBY5ZV,0
BRAEB2S8CN7SHNVJ,0
RNGEAM4MKS2EYSTX,0
NKCE869DXWNP2VAJ,0
BRAECFARYPGBGYMW,0
CAGDWGCSDGYNDH3Y,0
CAGE4BQXSBKGWBE3,0
TOPEAN43DT3FHZME,0
NKCE7MMGS2GMVHJT,0
NKCDYQ3RHUN9GFG4,0
PBXE92XFWVF6JZF8,0
CAGEB9ZQYPWX2F9D,0
SHOEHXDTBMN9RHSF,0
BBAEHWDDQ3PGHJ6J,0
RTRDZBJ5HJUQPHUB,0
ACCEGYP2DUKTZP9H,0
CRTECN2QUAMRBWUE,0
ACCE6DZCFX6JK8ZJ,0
ACCEJWJKZAGJFWCB,0
TOPEDQDFYDDZWY58,0
KRTE9JEYFG5UVPG3,0
FABE9336YZVWPEZ3,0
NKCE38HBZ8G2CPJQ,0
SHOE6QGATWATFY5J,0
TOPECJFAVVZSQZQK,0
PBXEAZTCCAUM8TMT,0
CAGE6FZQGPYPGFHB,0
BRAEBBMQZFQES9ZQ,0
NKCEFMKXMH4AX4WF,0
MATEHFNNXBZG8NNK,0
CRTECN2QZ5JKBMTA,0
NKCEFMKXVNJXHS3D,0
TLSEHUFDYMAWZ8AV,0
MNKE24MA8KWPREQT,0
BRAE9WYKXCX8YVUM,0
MNKE79DWUUQVSBZF,0
MUGEACY8MJHFFY3P,0
NKCE7TF6ZZHHWAEW,0
SHOEF9G8NSYGZW8W,0
CRTECN2QXQCXHKC8,0
NKCE84ZYDQTZQNU4,0
BRAEGJFX2VW8NSMP,0
WATDUK7DV6GSTKRD,0
TCVEHSMFMDNFHQYG,0
BRAEBCY3MM4KMB3Q,0
RNGEH4GPXAHBVUZY,0
WATEAYYG5EDFWTCS,0
SUDEGGATCJNJGD9A,0
BDEEHQXCHZ3CHYDZ,0
RTRE3Y3YZMGCE3AB,0
BRAEYMFDYDYVJASW,0
PTPE4JYSR95ADP6S,0
WATEYAP36PGRZFU3,0
PTPE9DXYPQUKBEKF,0
RNGE7M925Z3VHYYC,0
BRAEBBMQYEW8WQHW,0
BRAE5VAWXNJUNHHH,0
KTAEHFQGFGMGGMUZ,0
WATE82VVWGASC4SZ,0
NKCE96SXZUY5TZPS,0
LJGEHB6FRGN73YZA,0
MUGEGZUGKCVTS27W,0
MUGEACY8Q3ZYSYXZ,0
BRAE6FZPPGFFGCGH,0
ACCEGJ6KADZTTH3T,0
BRAECZZTGEHGJFDG,0
SHIEBBWHWEV8TZDS,0
SHIE8M4ZWWF7EKN4,0
SUREHTCAEFZJ5ZQZ,0
BKPEGXYYEH5XD32T,0
NKCE8W9KCSRHGZEP,0
NKCDTZCYCYJMUHBA,0
BRAEAQMAYGFHYNTA,0
NKCE82VU8FN6BHEE,0
NKCE2RPCRRJSSXAJ,0
CAGE2XC2CTC2TWRJ,0
CSOE88UGU7GZPNZS,0
TSHEHU5RQPQCKAD9,0
NKCE3JRMHENFPYGB,0
BRAED6G63H64TSXJ,0
ACCDXH5H3FVMCQT8,0
SHOEYGK5AYYBVXKH,0
SHIEC8AT4ENZVG72,0
NKCE8UUWSCRYZFAD,0
JEAEGF9YVSQTNMQC,0
MNKE7VFJG9PCYHRU,0
WATDHHASYQHYZH2H,0
MUGE6ZDZUCAYFRFF,0
SHIEBQ8WJJ2GQBAE,0
WATE5HFYCNY5Z8YK,0
BRAE3TSHXQXHZFZH,0
SHOEHYBHTYSXZJYZ,0
BOLEDTCXKEZP9MVG,0
WATDWBHRGZQZQAFZ,0
PBXEBACDET3D2KFB,0
PLWE6S4AHUZS2Z7A,0
NKCEAX7HH7YUAF22,0
TWCEJFXHSBXQEGSJ,0
SHIE4PZGEARGTGCP,0
CRTECN2QV6QBDUNB,0
CAGE5PHYMTKW2GGR,0
NKCE3CXNYVR68G28,0
ACCEAZCVGDCYTVYA,0
NDNEJH5ZTBSFYH2A,0
STFE9EQ8NNHPV9TC,0
RNGE7M92EF2SQPJX,0
RTRDF7QU6QFFZFKB,0
TOPE7S4KHZK2MSDC,0
ACBECFGTUMPYFR6Z,0
CRTECN2QZGVPNAXC,0
RTRDZK8XDZTJDJFN,0
ETHEGNMRJPGFMHVN,0
SHIE834ZGCFNCSPK,0
RNGE88Q9GVMYM6SF,0
JEAEGE8QPZN6YVGH,0
CRTECN2QVDE3BWFH,0
ACCEDTNRUGDPRPZZ,0
SHIE8Q7P5XAGDZ4H,0
PCSEAKVBFTUD49VH,0
NKCDWBPZTNSZYNXP,0
CAGEBTGHEHZHZGK3,0
PBXE9RAMEEYHARYC,0
PCSE92AP2AN6QBX5,0
BRAE7FE2XT7AF8ZH,0
MUGEJG6TBVQSYMUP,0
ACCEAZCVGMG4PW37,0
RFREHGN3X3FHM4YY,0
CBKEJ3ANVGYFED6Q,0
NKCE6NHSTFPRNH4S,0
WATDTDZGVUUNFPYD,0
ACCEHPWENYHHSF3D,0
NKCECZFZAFEHW73X,0
CRTEHSSCJK4PDGHP,0
MUGEB7J7GMQTWDP6,0
PTPE7R2F5GVPTERA,0
RNGEDAPSYR5YHGZG,0
NKCE9PFFFSGMMHZA,0
BRAEA5MZ4C3JY6KE,0
CWLEG69T7RRKTZNR,0
SWTEATF89ZUKHCH5,0
NKCDYSR9FBBZPHNX,0
NKCE49ATZKM7MGZA,0
TSHEEAERQJYHBA9F,0
TSHE4ENHQHZYRNYZ,0
CAGE8PKGGUZZW8VB,0
BRAEDH76SYADSDNZ,0
BRAECTFYWXNWKP7H,0
CRTECN2QXHYSFTHY,0
NKCE88AHTZYY9ATK,0
CRTECN2QWKHRNPTF,0
WATEHYVPYJFYVTYE,0
BRAE4DJMYZQ2QGKZ,0
TSHEJTYSMSXX8ZDM,0
TOPEJRDFKFGPZEGZ,0
CRTECN2QYZ3GZKVR,0
CRTECN2QYDGMPMFF,0
NKCDZHF7GVYJSFDF,0
RNGEA8Z5PHCTUKFF,0
NKCEFH7VNTHWSFKG,0
DEPEEFCXYHJZU4GY,0
NKCEAZ6FHBD9SDGX,0
SHIEA3GY4Q2NHPXA,0
CRTECN2QYMZVFQMR,0
TOPED5HSCQGYGWPQ,0
BRAEFR6JZYHZNSGG,0
MUGEACY8HJB2956S,0
NKCDZK5DAXGQZMWA,0
BKPEGXU9NZQRQGF2,0
BRAEDAGAYXGBGKT6,0
WATE695YXNTDWTE8,0
NKCE7PZPRVFVEXNW,0
PCSE9V6C5NJPG2NN,0
SHIE7DJ6GN2KBECB,0
PBXEASGQ7FE23D8P,0
SHOECD7Y2Q4ZZRDF,0
USGEJPQHFM7CVCYH,0
NKCDWBRYRTQZUS5S,0
FABEBZXC2GZ2WJEW,0
CRTECN2QVQSG3VFW,0
ACCDX9Y3ZR9EUGXJ,0
CAPEGW7UTGHRJBEW,0
CAGE7NV6JUTZVFXV,0
BBAEGJFQYX2ENC4X,0
NKCEFH7V5FBFHQW5,0
WATEYUZXGBYVBF24,0
TOPE7ZHZHEDT5QTS,0
TSHECPZRPFMWUTGJ,0
WATD9H76UXEZHVUF,0
SHIEAVD8XSPYY8TQ,0
MATEHFNNMZUFNXP3,0
DREEGWWCZPUTWMY4,0
SNKDZUEQVHPCEVKV,0
BRAECKHYMACXWRPQ,0
CAGDR3XKFCZ6XA2F,0
NKCE8HVPCYY37GHG,0
RNGE7M92QK8FW7ZD,0
TSHEHU5RGV5MQ4DC,0
DREEG78PDRW4GCD8,0
PCSECV3FHFGEG7FG,0
NKCE9G2BMDFJMZDG,0
BRAEYFDFDG5VFF6K,0
BRAE3WVQFNXCNJFS,0
NKCE9HF3S2HTC8FB,0
BRAE825JCAURQBJN,0
PTPDZYCE2H35GHG4,0
CAGE68FFRKGNM58Z,0
RNGEDAKFHRCFWQN2,0
CPCEH2BTGHQUMH2H,0
VLBEGZ7SRFAGHZRH,0
MBPEEYTZMQV5SHNX,0
SHOE92ZZVRNZHNSB,0
RNGEA9ZYZHCM83WC,0
TOPECJ64Z6PCJGNH,0
ACCEGH6RHZMYYWPQ,0
BRAE6ZCH3RHJ4QD8,0
BOTEA8TGKVHDTSNW,0
BRAEBBMQXKBAJCYA,0
ACCEKFVXCGWGCH7H,0
SHIE9YM2HQPKZKEF,0
BRAE7FNDQBZGKKMR,0
SHIEB59MMCHHZ4XJ,0
VILEJ67GRZBKAERY,0
SWTED56J4DYNPJDH,0
ACCE7XGJXH9JZG59,0
JWSE5GJ3Y8CVGJHE,0
BRAECDH5F9C6ZEAZ,0
NKCE9YFBJWQGF3KF,0
SHIE9FMPGFYZR2YZ,0
PCSECV3FERKHJPUT,0
KLSEGTBZGDPGUTQG,0
SLIEHR2V82GJXBGU,0
DREEEYGRYGXYB9BU,0
RNGE7M92QZ4HZGRD,0
CRTECN2QYN3ZN75Z,0
JWSEBUKYM3WYYQ7T,0
BRAE6FWZK7QUQ5CE,0
PBXEBHJDWFN2KHCJ,0
WATDZ2ZQGTENGJDH,0
BRAEGJFXHYTGZ2QC,0
SCFEHBHXDGDY4FHQ,0
TOPE7FKZY8BWUGVV,0
CAGDRJJ3HWPMJUCC,0
BRAE3P8YJEQSSANK,0
BRAECDJHWVKPHJKN,0
BRAEBCY3ZUQRSPG6,0
SHIE93J5D9MDDZGU,0
NKCECKHYZJ9G5KQH,0
NKCE7MMGUVXJRFFF,0
SHOEHYEZ73SMT8HR,0
HMBEEH85RYK3FAJU,0
SHOE3S9BGW4GGEFJ,0
SHOEHX7C49VUXDRQ,0
SNDEBFPYNJJZXZUX,0
PCSECYY4D7SZHMCV,0
BRAECFARCCEGEQFX,0
LJGEATZREKFCWH8G,0
SHOEBYWSZ4ZRNQPU,0
CRTECN2QXRSMGFP5,0
NKCEGMUZBRDAPCJK,0
WATDUNJ7VGBH2HJ3,0
PCSE98DZGXUN5KSW,0
NKCEAGXHGFZZZKBK,0
CRTEA7HAJDHDXA9G,0
NKCEDCT9P27QHHQC,0
WATEATZUJHKHH59V,0
TOPECS55GKKAQ4MG,0
ACCEGZ6BCUUKPVZR,0
WATEYUZXWKUESAYZ,0
CAGE68FFCRAZPTHC,0
DREECZJBZUXVDCGH,0
PBXED9Q2HJJNMWMM,0
TWTEHH2AGX62EYS9,0
SFFEG3FYNEASKCQK,0
WATEYY4XQ4GEP7HV,0
NKCEFH7VWH8UE5AD,0
PBXE6ZHNEV6RHNYG,0
AIRE98PZBVSXHCBG,0
NKCEFG3DBZ4EX4SJ,0
ACCEAZCV9RKUAMHA,0
NKCEBT6JFFUUF73P,0
NKCE9W4ZJA3AJF2C,0
SFFEG3FZXBBHJHZG,0
WATE63YU8EVHZRCQ,0
TOPEHZRABE92BKYA,0
NKCE7MMGZ94AGG5H,0
BRAE5RWPQAHEHQDM,0
NKCE5ZHWVMKDR39H,0
FABE9336ZKZVTZTB,0
NKCE3HG8WGXGA6JD,0
BRAEA64BEBJJA2RP,0
SHOEGWXXQFGNVUG8,0
NLPEGUMNPUQXBWQY,0
WATEYAP32YHZRCMU,0
CAGED6GKXJKPSN8Z,0
JWSEBUKYG4W5JHDA,0
CRTECN2QYUWCFPSX,0
NKCEFERXGVDZDERS,0
TOPE7W4CHR6HNEHM,0
TOPE4VR5AVGTDWF5,0
MUGEAGGKPSZSWZMJ,0
CNDEGEPEK5GEH58K,0
WATE8EGFYTPZYMBR,0
BRAEGJFXW54GVEFH,0
PBXEBHJDU6WMEJYT,0
WCKEGNRGZZESVZKN,0
BRAE9WYJBZXY4KNZ,0
AIRE98PZEWXEQFVC,0
NKCECZG4KW7FNPHH,0
NKCE88AHPKA3KUNR,0
NKCEBHGAHNETNHPA,0
TMLED6G6FKYSUVAC,0
SHOEFHKHHVGZQ9FY,0
SAREH72VZUZG8FSY,0
WATEHYJS3XNCZUSE,0
CLTEHE9FKGAZSNXR,0
DREEJ3V5R9GQJNSY,0
CRTECN2QWCCYHCHR,0
CAGE44J5UXNHXFYH,0
MUGEAGGKSGCWPFTG,0
TOPEHZNNEKEGYNQE,0
SHIE7EUKZA97SQMQ,0
SHIE6G82KNDJUCAQ,0
SHIE8VY9ZH4ZCBMQ,0
SHIE6ZSBG9YAZZHF,0
SNDEDBM6YCKDKN2F,0
ACCDXFZXSFTHCQCR,0
CAGDYPBWA7RBUBYT,0
HLKEG2G4ZVHE7M9M,0
TROEGV53XXBZ9VZE,0
PDKE9C4FSP77MRRF,0
CRNEJCC5YHEWAQ7B,0
CRTECN2QYUK3TPHZ,0
RNGE8UGWZZHGBJXC,0
LNGEBDTBNZPHNWF6,0
NKCE9G2BR2E6HF5X,0
CRTECN2QXRTJXCCY,0
SHIE8C5NBQV5QWCH,0
TOPE36A748VYDDEX,0
SWIE5GN6EQ4HKHVD,0
CAGE5PHYRHNGU7D9,0
NKCED8FXMJQYJJTP,0
DREEH9494PKYSMZD,0
CAGE8TQ8ZBEZQERG,0
PACE5VYXRZBQ3FVR,0
SHIE9J6PFKPDMEGK,0
ACCEGG9UKGNPHBT2,0
BRAE9RWNB6FQT6QV,0
TOPECMKVNSFHVMHF,0
DRPEC89ZRJRNHUGH,0
CSOEGTPQFMB65EUG,0
RNGEAWYFMVWZUEWE,0
NKCE6KGHUEVNGVZJ,0
SHIE6WXTWZ2U4RH9,0
LJGEDCVZU8QBJ8QQ,0
BRAE8QNFXTYRF3ZG,0
BRAEB2S8XN46C9HZ,0
MUGEAGGKPUYPSZAG,0
ACCEGGHE7H4QBGSC,0
MUGEBFGFM3GRXXKW,0
PACE7QHJGYKXGM5W,0
NKCDUPYY3XUKW6HX,0
SHTEJVJMEYV6U4HU,0
FABE94K9S9VGCYSR,0
TOPEGGRKYNFMGHSX,0
NKCEB98TZYFNQMU6,0
SLIEHET3CZ6XSDHP,0
CRTECN2RQJGXB54U,0
NKCE7PZP2VGYBZKG,0
CRTEHSSCRG2GD659,0
BCHEHYUHTSPKFRGF,0
CRTECN2QYFYRSXTH,0
RNGE96Y4TQHKBXXK,0
CRTECN2QSBZA5YHQ,0
VANEABFPKGGZTYVQ,0
NKCEBBEYU9Z3YNGT,0
PAEEANFJ3QQSZJYV,0
BRAE4ZWYUAZGNUCH,0
CRTECN2QWWFMWSJD,0
LJGE9C9DP59WTYGD,0
SLIEHUFTZFVFDGEZ,0
WATED8GHH7HRVGRK,0
NKCE7B6T9H36HZGH,0
MUGEAGGKY5XARAEB,0
MUGEACY8VZZANNTE,0
LCHEH4GTFX23CPZR,0
ACBEHDUASPTC7JBZ,0
PACE4NXHHGTHK3QC,0
BDSE8FTAQMBCVFUA,0
PCSECV3FJYUHEEZA,0
NKCDSRPA8HZF94S4,0
RNGDWKZHDVFQTDYV,0
ACCEAZCVWSQFGFSK,0
BRAEBEW7YKJHDGQH,0
RNGEDAPSYZY4WGJV,0
BRAEB2ZTZGEU7KZK,0
DIAEJUCYZ4UQXQTN,0
TOPDUETDZYPSNUMU,0
BRAEDQFRZEEGC49E,0
KRTEBSMKCGFESHYX,0
SHOEJBFPSSWMUWQG,0
ACCEGGAYKTBCGT2R,0
PACE632TBVYD7UCW,0
NKCDU4RZTSAHGJU8,0
WATEY7SDM6TDEZCK,0
RNGEDAK2URYPNGYG,0
BKPEGZCDHQUXWAAM,0
CRTECN2QWVXB3XQZ,0
CBKEHRSMWYB3HVNP,0
RNGE7M92QUGAFNW7,0
SUDEHYGUJ4G4CVKY,0
FSEEJVNPCDNP3QGG,0
PBXECB2GXAP58DXR,0
WATEAK8SE2RUK7GM,0
TOPEHZNMGXRRHPGG,0
NKCEF9GTEWAJD6NH,0
BRAEFSFZUEM8Y5DT,0
BRAEGJFXCSKFAKMY,0
CAGE6HYJW7VBXDMZ,0
STFEBCZQ5YYZJYSG,0
WATEHZZRXMHPPPCY,0
BRAEYPGFGUPUHGGC,0
PTSEDFSU7AG7EJRZ,0
PBXEBQGMBRP5ERWZ,0
CAGE7GFZ7ZVGXMAR,0
PCSEE2FECQ7EEKZF,0
KRTEBFRQEW73G6BA,0
WATDWABR2QMHU2YK,0
CRTECN2QZWN42H2A,0
NKCDY44FGGMCTAS6,0
NKCE6FYZQCDZZMXA,0
PLLEHQTTGJSKEGXQ,0
SFFEHTGHZGMHTZA7,0
NKCEBHGBQJDMEKEB,0
WATDHUKBGWGCHQQX,0
NKCEAUABGGYK32GX,0
PCSE4V8GR7NGY9N6,0
SHOEEHAFN6MDYZZK,0
TOPEHZMKMYHYGQ9S,0
NKCDXT2ZTXZEUZZU,0
SDTEDF2ZHHHGG4CT,0
DREDVF2W9PTRAEHK,0
BRAED6G6TVPF94CV,0
PCSEAKVB5CUYYDCP,0
SOCEGZA52GBGXWYB,0
DREE7B6YJ2ZHHPMN,0
PELEGPF7HDHJDYUE,0
MUGEAGGKJZYHANSX,0
TOPEGJZHGZFSGCM8,0
KLSEGVFH5Z5BEDXG,0
NKCDYTPJUHSAF2ZE,0
NKCE6WKBNBGFYKPW,0
ACCE558KTS5PCGMF,0
NKCE966EN2EBAFMH,0
CNDEGVE6CRCDNHNV,0
PCSDY5AFBNKGE3AY,0
CRTECN2QZBHHAG3M,0
PELEGNTWTJCSWSED,0
NKCECGVA7VYCDNXB,0
BRAEARZHKSTMZSZ5,0
WATDTWRZQASCHSMK,0
VATEGH5PGRHDVZGS,0
CRTECN2QXZJ2U9GY,0
RNGE7GVYR3UHDJNJ,0
CRTECN2QZBHAB3XV,0
PBXEAN79RVRE7T3J,0
WATDSW7X8FTCNSHQ,0
CRTECN2QVZBGHGHS,0
CRTECN2QW9FYDQFY,0
USGE9QFK7DKTJVHB,0
TOPEA6CKCHFHTUZ9,0
NKCE6TNZFQRQAYRZ,0
WATEHXGUDDHGN6ZZ,0
SHKEHCGRNFGTNGNZ,0
VPAEHS9RMW5SX6CF,0
TOPEHZNTWBFZXHCG,0
RNGECNH3EGGBCQSQ,0
BRAE3TSHW492YGSS,0
WATEBD3FJNXFXSBH,0
ACBEHDU9PG5BSYYM,0
BZREBXM8DYBHURWH,0
BRAEBBMQZUG8NQ9N,0
SHTEJWHZKQGRNFG7,0
MUGEAGGKMUGXQ2YH,0
CRTECN2QVB5MFPF8,0
NKCEDCT9YJYEZT9Q,0
PTPDVPEXFUZNDZZH,0
NKCEBHGBGFDE2QCG,0
CAGE74TUHGRSTBYU,0
TOPECENJ85HRQQHA,0
CLTEJ5ZZ4NDQF2MV,0
NKCE9ABEETVTKZXC,0
NKCE9G2AGZJCFWTD,0
CRTECN2QTXQGCGBG,0
NKCE9ZVGWWF4HSVH,0
SUDEHYGVYJBUNY3A,0
RTRD8FNGHSBCKK6Z,0
BRADWDT4T8HG5GKV,0
PACEDFZPHQUZ9HET,0
CAPEHXTRYTBBN2QK,0
ACBECFGTPKCWZCFV,0
TOPEH386MHGAZYNK,0
SUOEBWCHKAPGTVBJ,0
CAGE68FGFNP5CSBD,0
NKCECZFZAFTWWJNV,0
SHIEYZF6UHDUDHN5,0
NKCEAPCXWPYPSY8M,0
SHOE6XNZ7WS4ZQXH,0
RTRECBJHGSARFZN2,0
SKIEAY9JU2DTH5GW,0
CRTECN2QXGFANZMN,0
WATDZ2ZQC7WH5JS2,0
DREEJNNUSHNWN4ZG,0
CRTECN2QYBMG69TE,0
NKCE79CGRVVPSCKY,0
TSHEDFADFYUN663X,0
FLUEGKG29CTAHMYC,0
BRAE7DRSPHX2WNCU,0
SHOE8SESVWJYNH37,0
ACBEGNRDC8MDNRCW,0
BRAE2Z9VKVUEJWZQ,0
NKCE49AT3FBH2QBG,0
SHOE2T3QZZNGVPYD,0
BRAEDSGAV4DREETW,0
DREEGZ5CPMQDRZST,0
CAGE8TQ8SCDEBG3D,0
NKCE9PFFVPDMZUUR,0
CAGE53FS5CFUVY3D,0
BRAEBBMQYFFFZAMV,0
BRAE5F3KK3YG52UR,0
BRAEDSGAZMGQDKTJ,0
NKCDU4RZPDSUYCAA,0
ACCDRREFMB99QZ42,0
CLTEGMPW379HKACN,0
NKCE4PZ6QRJGJHJH,0
BRAEE6YMRNMG7YRH,0
PBXEC87EUW5GHDJY,0
BRAEBBMQQ37GW3CZ,0
NKCE8NHGCZETZQF4,0
VANE5BVUBG3XTYWQ,0
PELEG5CSECGN45JN,0
NKCEBFWTSJSWQVJ2,0
TOPECHX5ZMTSYZGC,0
CRTECN2QYJDGSWPA,0
TRCEGNXZKQT2GTJG,0
WATDA5ZA5FQVGMHA,0
NKCE5TFVDZFG4Q54,0
NKCEBVPZZCBGX5XG,0
TOPE7H6NJYZXFXBH,0
PBXE6E6YZDFXY4Y4,0
PELEG5D2MWCDGZPX,0
DKOECHX3YEHGYMMM,0
BRAE6DR3GPCCYGRF,0
SHOEGWYGYKCCFGWH,0
BTWEHQVQ5VBYE54K,0
NKCE5UZHHXWT2KZY,0
NCCEHZTVHHY8BNDD,0
NKCE69P8TC88UPPC,0
WATE8H95AJHGJWGY,0
PLWEBNRHHCXBBBMA,0
WATDG9F7KNFKTDCF,0
CRTEHSS9P7YWR7J8,0
PCSEC86VZZ3CT8QK,0
PCSEAH5WCN2QPYZC,0
CRTECN2QSHK4DF6T,0
WSCEG2FYDYFDSVZ6,0
PCSE6SJGWAZ9H2MG,0
BCHEHYUHBEVHSFU7,0
CRTECN2QZMHUEG89,0
JEAEHYN8MJW4J2BP,0
NKCE38HCA94B8Y8Z,0
LINEBAF6ZJH5RAVJ,0
CRTEB774NVQBZKJ8,0
ACCEJEEYKYZKGH3C,0
WATDA5ZAGNMGD5EJ,0
MUGEAGGKTQPXHFGA,0
CRTECN2QYHSS9UXH,0
BALEGAR5KQXZZV73,0
CAGE7GUFJG7JZ3HC,0
PCSEE27FVCXHZZ42,0
PCSEBFRRKJZ28AQ7,0
NKCEBHGBMSXWZWZY,0
BRAECGWNZT65KRMS,0
TOPE28FYRZ3PGSHK,0
BRAE3P8Y8UVRY43K,0
BRAEAW9JYHEGPXHJ,0
BRAECPQ5PYVGGJJ6,0
SWTECZMBGZPVRTQS,0
NKCEAVZ3CAA8WRVW,0
MUGEBFGFHPWKY8BB,0
SNDEHZKGZHHHQVYX,0
TOPEGKDCHFWS4HRY,0
CRTECN2R8G7QFUZP,0
WATEHYW2MRNTAMHC,0
BRAEAW9KX7TZYZQZ,0
SHOEG7F93DH5QZXZ,0
CRTECN2QYJVTVEH9,0
SHIE7ZWAUZG6SUMF,0
SNDE3NWJTFFMUURW,0
SGEEG672E4M6GEPP,0
NKCEFUJPQ8SW7PES,0
CRTECN2QZ5BPGNFM,0
RNGEH3H8VBHZGEGK,0
BAREGAHW4DESS2FS,0
NKCE3KVSKNUUVJDQ,0
BRAE3P8YB385MSKN,0
DREEFYYFD6YWGBFZ,0
NKCE48ZUDSVFZDZJ,0
WATDJYPXTT4DQARH,0
TWCEJFXHNZ8GB8VX,0
CRTECN2RXDAKHZTW,0
NKCE3JRM4S94YMHD,0
TOPDTH8EEUDZRKBK,0
NKCEBHGBQQBUHFAY,0
BRAEBBYRZJZFGSYY,0
TOPE5W8MBDVSZVFF,0
PACE5VYX8NDTBXK4,0
BBAEY9YKJHHPGZCE,0
SHTEDCZWV2KRXQ9F,0
TFHECQNYAPQ2FCHE,0
SHIE6KAJKKRGGCSJ,0
RTRDPA9FNCRGS8UZ,0
DREEGBW5VVNVZPGC,0
NKCEBFWTTUNZHDUS,0
RNGE7M92V5GTURFX,0
TOPE494XPFCSZA6H,0
WATDVGGHNSHKU4ED,0
TOPEEERRF5MT5GHW,0
CRTECN2QSYYSDGCF,0
BRAEAW9MMDZAXGN5,0
NKCED6HGZQZFG7VQ,0
PACEFVZZMCGNBACQ,0
SHOECM4BZBFCRWTY,0
NKCE79CGH6HQH4PG,0
MUGEAGGKTJMC9FZB,0
PCSEB5BWXVDMBZUV,0
NKCE4VJGCMERZWFB,0
WATE8BTEKQQGHJGV,0
MUGEBFGY3ZYAPFYR,0
RTRE3KKX6DHYNZBK,0
NKCE7MMG3GABMDY6,0
DSTEJJ8VGMGUFVWF,0
NKCE9JBQXHRVAGRE,0
NKCECFFWZVMTHUYK,0
BRAE2NF6JYPGHQEF,0
PBXE7NYSMCFFTRG3,0
KTAEHE9K92ADDUNC,0
MUGEAGGKKZ6KHFRG,0
BRAEDSGBYBCSHYYV,0
NKCDTAXFKDTPHKTB,0
CRTECN2RGCYZVWF3,0
J19WGE8Q8GXYFTGU,0
PACECCBJ8ZNZMVSH,0
SHOE4FZGGTE7HJXN,0
PBXE6JCKFHDZBZYQ,0
NKCEBGJZGQH6HGDZ,0
BRAE2NF6S2ZYBQWQ,0
NKCE9YFC9UXPW37M,0
PBXE8GCDESXMGVNM,0
CLTEJCK7KMJKN5HJ,0
CAGE7TVZGNX4AMDR,0
CAGDWGCSQTYKCUG7,0
SNDE7CZENV3E8ZZZ,0
TOPECV69HWZGWRAW,0
KTAEHETWXZYYG35G,0
CAGDRJ8WYSTGZ6UE,0
DREEBUSFMEYEYT2W,0
PTPEB98UCDYJ2MTE,0
DREEDR97B3HHSNBH,0
BRAE2GWBKZZTD3VH,0
DRPEGXZSYEBPKP46,0
RTRDP2HXHPPTGQHE,0
TKPEGM7QPGUZMQMD,0
SNDE9G498PGVDTNN,0
NKCE4PZ6496ZCRTT,0
NKCE5QSZHGCBYBDJ,0
TWCEJFXHGJDZAXVT,0
NKCE9PFF3UQPVZCG,0
BRAECBXJJYYERAHY,0
SWSEBFKBUUMHWJJH,0
NKCEDE8GYSZDZG5M,0
CTTEGF8YF2TCTHYV,0
HMBE7G34HWHHGXZQ,0
SUDEHYGUGCPQ5CUP,0
BZREDTP23ENK9YNH,0
SHOE4QFHZWCZGCMB,0
WATDKB7JA52JZRRU,0
CRTEB774DYRZGGGX,0
PBXE6FYZPH3E293Y,0
LJGEHWDVCNNGPECS,0
BRAEDTPHWGSGJY6C,0
NKCE9WBFBMAHAYDN,0
SFFEHW2M3MDMQQGD,0
SHTEE72RCD7G7D2N,0
DREECB3FVCA7GB5H,0
NKCE9FZHWQEUAG4S,0
WATDZMBRXFZUUD2Z,0
SHIEARR3VTUDSNFD,0
NKCE6HZQBRWBYZNZ,0
NKCE4VA4M7ZHQFV6,0
SHOEFAJ5NAGQCG8H,0
SUDEHYGUUFRKNMUE,0
RNGEAY8GWSHGGMQ6,0
SUDEGGBFNGESYFHT,0
CRTEB774SG3R4RPP,0
FABEADKAKVUX5XK4,0
ACCEKFVX9RJR743C,0
CRTE92XDZXRJ4ARM,0
FABE9335XAFGYAKP,0
SWSEA8FHKGKZ8YFT,0
FSEEG8HWCWCDXSQF,0
PCSE4FKCFUXFP9VW,0
NKCE5H4XKUYRKGAG,0
NKCE6Y3MYHDXXN9U,0
BRAE5SRETZMB5QYH,0
NKCECFF6WBAYGMSG,0
NKCE8RB52VWTPE6X,0
WATEDFZPGGZG8HGM,0
SHOEC8QGS3H5XRKD,0
RTRDYR4HXQJ8T3WR,0
DRPEHYHGJQHDSXFR,0
RNGDTBQU3GYY4YHZ,0
PTPDVPEXYZGYEEFG,0
NKCE7H4NXU8HBUS6,0
NKCE5TFVUFW47BGR,0
ACCDXH5HUUZCHVZG,0
TOPEB84NG2VRMTXB,0
HFCEGNQBNPDHFAVZ,0
BBADVC3FTSDUUQD2,0
PELEGTPH8VFNGMYK,0
ACCEDTNRY73AGEHF,0
CRTECN2QZK6STGYV,0
SHOE4K54VP44KTZK,0
BRAE89GGWTZ4BMNZ,0
ACBECFGTFNZBEKGR,0
JEAE6P3YHQZQGF3Z,0
GLSEHFUGTFGKKZ8N,0
NKCEC87GZMWYCMUG,0
MUGEAGGKNHCZKE2Q,0
NKCE72Y8D7XCYQ7H,0
BRAEFSFYYUGGQTKQ,0
DREEGWW9DMTGZDZZ,0
SNDE7RZF4GZGPFV6,0
SFFEG763F38URMXA,0
PCSDY5AHUNGBYFXH,0
SHIEBZ65HHFJFBYG,0
CRTECN2QZMZWZGGY,0
NKCDWBPZXXH9WGJB,0
RNGE7Z9NKQU2CEVJ,0
KECEGTXHHGPKYUVZ,0
ACCEDTNRVGAGRCWF,0
BRAEDVX7X6EYZSWH,0
PBXEBJ4NDUDBACYP,0
ACCEGKTS5S53KQVD,0
BRAEDSGAUHHVUBZW,0
PBXED68MYA6JQ6RJ,0
PANEJQ57GWZANM7Z,0
TOPEG7HZXTEJMTZH,0
TOPEGFXUHQGDNZ8A,0
WATEA6UGFGKZKDJC,0
RNGEFP2X2PRDAQPZ,0
PPSEGFYAGD8FYUXV,0
HSAEGZAV4UGWJAAH,0
TSHEE3MZY7KCMDVV,0
CAGE9ABBTS3Y9DHB,0
RNGEA9ZWKQWY986X,0
CAGEFPY95GBZFHSV,0
PBXEA7NX6KNDHYH3,0
BRAEBCY3ZDMZYZZ9,0
DREEAM8QPT9PEAPV,0
ACCEKFVWGHGNJGP4,0
ACCED55XH9CPWYPM,0
PCSEAH5WWGGT8CEZ,0
TOPE8YAUGSAPYUYQ,0
KRTE8E8NEFJMDNAS,0
MUGEBFGFHRH5VVKH,0
DREEGGYS8EW6FW7P,0
CAGE8PKGSXDHU4ZJ,0
GLSEHQYGTDHYHFKJ,0
WATDXB5HPZFBCDG4,0
BRAEDQDFZ2VBSSHZ,0
NKCE4VA4VSZ4X5EZ,0
PTPE62XBRHPBQDZS,0
PTPE4HEYXCVJ9MEB,0
DIAEJUCEEG8XUYZF,0
SFFEHUBYNBCUKGTD,0
HMBEJCMZQDYHM2CX,0
BBAEGG6EZGVG7XZC,0
MUGE9P6DJGVZHRMV,0
SHOED5DC2GSMQMHU,0
NKCDYTPJHF8ZCYQC,0
ACCEGKTSWHU8GTRM,0
NKCECYGG2EHHKG4D,0
PCSEAKVBJD4VKMNP,0
NKCDSW9FCTZDJWQM,0
ACCEH5SDB7WJKN3F,0
TOPEB9QYHQGRA5VS,0
ACCEJSKZZGRHRGQH,0
SRTEGWKJNWGAJHQR,0
CRTECN2QXKTZAR2Z,0
NKCEB6ZB6FPZ8D4X,0
VASEHGT4M8S5H94Y,0
USGE9T5FYMHZVJTF,0
RTRD6352VX7RZSWG,0
PCSEAH5WVA2T7SZK,0
NKCEGMU2PNE4TNGD,0
SRTEJXHYXVAGCYRT,0
CRTECN2QYZJJW7GR,0
PELEGPGCDR7TXNSG,0
RTRDP2GSUPHPTUDB,0
CAGE75ZXGZPBMZVG,0
NKCEBVGGUEZCJZZR,0
TSHE8GNE3PYUQJCB,0
NKCEFNPKJRTR8EE9,0
AVCEJCHCQKVXKGNE,0
SHIE39QJZY3BNW3A,0
PCSE2DJZ4RMMXBUG,0
BRAE3TSHUNYCRAST,0
RTRDEHFF6AJRARJ3,0
BRAEFR6JUMNFA5MT,0
CAGE6HYJK7YAAMJQ,0
SGLEGBV7SWPSNVWW,0
BRAECTFYNB9FRDVA,0
ACCEAZCVNKDCDDRU,0
NKCE9Q93E3ZCJRTZ,0
TSHEJHKSHJMAUWYJ,0
WATEB5EZRN3NYXAG,0
SNDEDG6HF8EDVZTV,0
ACCE3YFFDZYHG4MM,0
NKCDWBPZKKSXUEGQ,0
WATEYY4XDYZF4QDB,0
NKCEF9GTUQ8YGUNX,0
EMLEGPY33HWUGM6E,0
SBWEGKHH7SY6ENHV,0
BRAEBGGVYKJZAZYV,0
NKCEA5FHCBGVS9XG,0
SHOEJUUVN2BVGSJZ,0
ACCDXFP2HFYAWDBT,0
NKCEC8AVJGGBBMCP,0
PACEY7PZX958DH5S,0
NKCEAVZ3R9PCTBT8,0
TOPE8ZAFHWK5RD5M,0
PAEEAMGFXKHUCKYD,0
BRAEDNX22GWY32WA,0
NKCE9PFFHANGKXHZ,0
ACCDXFP22ZWFQX7R,0
SNDEG6EFWGBCURUT,0
SCHE669Q8QF3AJNX,0
SHOEEQNJETZKM4PZ,0
MUGE99BWHAB47HZC,0
ACCEGZ8AUMFBZGJ2,0
MATEHF3ZRZCG6YRJ,0
BRAEAZEFT8RSHGJJ,0
BRAEAR7WHKJ9GDVQ,0
CAGE5H7JF9ZDCWXG,0
KRTECQSNKCF92SE3,0
PBXEAMHQHTW77AQN,0
BOTEH2PJRPBTGXMB,0
DKOE3CTQHYQZ6YYE,0
RNGEBKGHZYZMEREZ,0
WCKE2TFYRTHGTUTC,0
SHIEC9AFED2B2EZX,0
CAGE5PHY7ZHR6GC9,0
TUNEB73EGJWTPJ7V,0
ACCE8TZFCREV9NK5,0
CRNEJBGHW2PRYTTY,0
PCSE5WB883R4ZNUN,0
TOPEGQJYGPFHEKCK,0
PBXE5ZJZRGMGQGRN,0
SHOEGYDBGXNWFRJA,0
SNDEHZH4TCGSJQXU,0
DIAEJUCFEAC9EUUT,0
WATEBVHCPGUXSH5U,0
STPEJFHKSUFFNWR6,0
NKCEC9FM5A8PJSHZ,0
BRAEDGQFWPFGVPNF,0
SWSEJFF8Z9DSYYGF,0
BRAEAM5DBZYWHVQQ,0
NKCEA4CAPHDH5TJT,0
BRAE8WPSVX3UZDGV,0
SHIEAREZNXQEJFYM,0
SHOEJBSQUQYAHG2M,0
BOTEJT4QNFFAEKAG,0
MATEHFNNA6Y4WKMV,0
BRAE6Z79C9EBYNGJ,0
NKCDWBPZ9RCXBSXH,0
WATEHZTQHHDMFZQZ,0
BRAE73KFH8NEHZGS,0
FABE89GG6P8NUHXJ,0
CAGEA3JMBZUV5DQV,0
CAGEC89TT7G27CSF,0
SHOEHX7DSTYYNJYX,0
LIDDVFAFGAYTM8HH,0
ACCDPDJVGNGNX7QE,0
WATEBS25GGVJ87KF,0
SHOEG52R2AKHFYHH,0
ACCDSY8EYJ6PTNGT,0
SHIEAPE9AZ79HFJZ,0
KHREH26ZBZCPVPSJ,0
PCSEE4H5ADZDDMSR,0
PCSE4Q73ZVYGCYMF,0
NKCEAX7HUGVMK8RZ,0
SFFEGEZ5FYEMHHQW,0
WATE7NSTSTUUH7WM,0
NKCE64Z4PHQRV7UG,0
NKCE7VKYTANNFZ32,0
BCHEHYUHYR9HASY5,0
PCSE76X4VRQYUPQH,0
PELEGPF7MHSNH5WS,0
BRAEYMFDHAQBDMZH,0
BHGEGTAVHTQBGGWV,0
CRTECN2QSAF6BKNC,0
BRAECFANXY3DJ4XT,0
BLAEE6KTDSUHYYSJ,0
PBXEAREZRNRE8BBY,0
CRTECN2QXX4WFQXD,0
PBXE7NY9ZRYZFBAZ,0
BRAE5VAWWGYS2PZS,0
CRTECN2QTBFPEZWQ,0
BRAEAZEFZYER5JHJ,0
ACCEGZ6BJFUPXFEE,0
ACCEG7DAYFG48SSH,0
MUGEB7J7RZDRUQH9,0
WATEBYJABFE8WYTN,0
SHOEHXHVTBYRCTYN,0
CAGDY9Q7QVXRYZMY,0
CAGE3SHKHTZCTFPJ,0
CAGE9ABAEFK9XDNG,0
BRAEBBYRZVQYHTSE,0
PCSDY5AFPGSUPEUF,0
NKCEAGXHRVHUPPVG,0
CRTECN2QZ6S5X2QN,0
TOPEB7DNYWQHG7AE,0
BRAE5RZ6ZZKSKZ6H,0
TSHEBSFAYNFJY6ZY,0
TROEGNQE9GNRFYQD,0
RTRE2PJPQTZHAH4H,0
NKCE3JRMAKGHBCAC,0
MUGEAGGKJFYH6GRS,0
RTRE4EY9HHDVPVG6,0
NKCEAGXHRYTNTMG7,0
NKCEBF3YZPDEAYRR,0
FABEH2JKYTARAYRD,0
USGEAYRTXWS4QGKB,0
CRTECN2QSGYJCCVA,0
WATDZ2ZQE9C7GQVK,0
HLKEH99YARH28MGG,0
WATDHHAS7U8XAFZJ,0
CAGE6XN5KFGMR4Y6,0
MUGECEVFMCXPZFS4,0
CRTECN2QX3NUEBHS,0
CRTECN2QXWZTD2RB,0
WATE3HFNNASZJQYH,0
TSHE4DNGWNY3TE4B,0
PACEAVZ3TFG7CAHS,0
ACCE8C3YU6JDREMH,0
WATECHFU4QGFQEJG,0
TOPEGGEFF5YJPDGE,0
ACBECFGTPPECWHKZ,0
NKCEA5FHTTNBHR2J,0
NKCE9ZGXHMD2JFZM,0
ACCEA4DRT4BEY7TK,0
LJGEHWCZAHHC6GME,0
NKCEA5FH4WFEN68W,0
BRAE6AV3HNZX3TWR,0
NKCDWBPZEQGZJ4PC,0
WATE8E8PFRKYYXQP,0
PCSE9HAGNAGPMDMX,0
NKCEDF2ZPGYDRGXQ,0
SUDEGVG3EJVEE8XZ,0
BRAEB2ZTZHAVBBHM,0
CAGE8YBG4JFWBHAX,0
NKCDU4RZHXRYY7CT,0
NKCECZG4MZTFB6PT,0
BRAEBBMQNJSQHT3G,0
CAGE8PKGEWKH78FY,0
NKCEAX7HHE5HZCHG,0
PCSE76X4WCN9UY6W,0
CAGEBTJBPXFFZWEH,0
TOPECUZYVBVQ3FEZ,0
BRAE3TSHZ6SGEP9H,0
BRAEB2S8ZJGNGKQS,0
ARCEHC8QWFWNHZGE,0
SHOE2MCJC5DUUBTY,0
PCSE4V8GX9QCUTYN,0
PBXE5ZJZQ57TTUP9,0
WATE7VE2D62VEKW8,0
SHOEBQ8UW6G2HEVG,0
BBAEBMPYGY9XRK5M,0
CRTECN2QYGNHSDFH,0
SUIED9U596FR5YV9,0
CPCEJCCPQKBGD2NH,0
SGLE7ZK8SAHENQNJ,0
ACCEGXDJHFEDFPPJ,0
DSTEJJ8VUGD5ZWVY,0
WATDNV3VGWQEVHJU,0
JCKEH9EN9UNA5VKW,0
CCVEG4ENZJCWD3C6,0
WATDZ2ZQKHQKZGGT,0
TSHEGG9GBENXNKUZ,0
TROEGZ8QD9CWVYJH,0
CAGE22EE8ZG8HCS6,0
RTRDNGVMCHXQT6HU,0
GLSEHPS9CJATDCTY,0
ACCEAZCVQFFGVXPB,0
SHIE7TUJZATVAYVB,0
BRAEGJFXQ6ZMRMAF,0
RNGE7GVYUJEHNNJS,0
CRTECN2QUHSMUMPZ,0
CRTECN2QV33YCZYX,0
SNDEHZPDYWVYBCHT,0
TOPE8VYAVY9ESVJ6,0
NKCEGMUCMFXZ3FZZ,0
MBPEJMV5GAY9SZX5,0
SHIECGQ7FMHSYNR6,0
KECEGTXHZPBZHZDX,0
SHOEHXHV4SZCQB65,0
ETHEHZ87YNJB3ZBY,0
NKCDWTGFWEEJFBSQ,0
NKCE2YCPGMPDFUPF,0
NKCE96SXCF8BNZN7,0
CRTECN2QTVFBZGYM,0
RTREA7E5WGGNH7UR,0
WATDA5ZA3Z3UJJJQ,0
NKCEFMZUTUZPHVH4,0
CAGE3FCNYX3YFNGY,0
BRAEBPZ4HJG4SU8W,0
JUMEGDXPKGX226PK,0
WATDVJNATRBF2C3W,0
MUGEAGGKXF2KF4HN,0
NKCDYYQWT2ZZUYZD,0
NKCEA546HQTYQHQV,0
MUGE6SYUDDPPJDKT,0
WATDZ2ZQTQVJYHZ4,0
NKCDU4RZGHA8VYRE,0
NKCDWTGFFUNZSXQC,0
ACCEGH6SKGWKFW3Q,0
NKCE9Q93FCT3GYFF,0
SHIEBY82RSB2G96V,0
NKCDWRYFPAFEQA5Z,0
VESEGHG7WGPUAAFC,0
SGLEJXMTFPXKBRHN,0
PBREH6ZNVKHMUKS5,0
DREEFJ44SMEHZZFV,0
TOPEGFZAC6CHWUVA,0
GVEEJ8HYZGXTNYYH,0
PAEE8NDKFTPRKYMU,0
BOTEGZWZQRHK89DS,0
BKPEJYFF5ZEUDCYD,0
CPTEHYUFK6PFP5ZB,0
BRAE8NW7AM5HDEYY,0
NKCECG6ZUYZUVFZG,0
BTWEGFZHGBXPHZUH,0
ACCE5HFW5TFRJ2ZE,0
ACCEAZCVDZH4YF57,0
ACCE7NQEW82AW6HY,0
SHOEGVQCT2ZSGUHY,0
TOPEGF55FTHGTKCS,0
SHIEBCQZFENB4BGC,0
NKCDWBPZJHAADM2P,0
NKCECFHUDZ3ZE33K,0
LJGEBVA8YRNGTZHG,0
SHOECGUPWQRCNAHR,0
CRTECN2QTWFJ2ZMT,0
BDSE7FQ6SEDGMVPK,0
BRAEDSGAZRJTXRCR,0
SUDEGGAU7XR6PG2K,0
ACCEGYSC7S7HARGB,0
CAGE7TVZSDVMHSKW,0
SHOE8NA5SUXGYGYY,0
MUGEBFGFHNSEBGMC,0
ACCEGH6QGCGAZBFZ,0
BRAEB2ZTMFRTJDDF,0
CRTECN2QYXNQ52NN,0
TOPEBN32YGU8MZ6A,0
NKCEB2S9JCHCMK3N,0
TOPE4ZKTYCBVBJAG,0
HMBEJCX8SZF7FBKZ,0
LJGED28UYTZQGQQG,0
BRAEAW9JWMHKNZY3,0
NKCE7MMGNZ6FDGUS,0
NKCE8Z4N8DHRXGZE,0
TOPEBRC6ZHWGYHFD,0
NKCEA5FHZUYCYZZJ,0
BRAE6Z79SBPKJ8GS,0
NKCDTAXF4CZFDXGZ,0
WATEYAP3JHSPPR9G,0
NKCE9AZMRYXZFKP7,0
BRAEDNFGGHAFHEY4,0
SWIEH37JZCRUTUD2,0
PTPE3WXUERJCP24D,0
SHIEBBWHAJKSZDTG,0
SNDEJPZMFGSVRAXD,0
MUGE9HRRTTGNEANM,0
NKCE996SVQZKHQ44,0
PKBEGBTRKKHU26YQ,0
PBXEAKUHBKVYNGEG,0
RNGDWKZM5ETTQGGU,0
LJGEA3HFG2YDEWDC,0
DREEFM4NXGZY5ZAH,0
CAGE6FZQTM8FEV5V,0
CAGE75T9YPZYXPZH,0
SHOECS7GMGV2HHYE,0
BRAEDNX2TYQFYRBX,0
VPAEHU2DKDMZPEKC,0
ACCEAHRFBR6PTFZZ,0
CRTECN2QWHGBRQE3,0
NKCE8HVPVCZUHZG5,0
NKCE5QPM4TFY2QBW,0
TSHEBSF8CMAF9GMW,0
PBXEBHJDU6TXM9ST,0
RTREFWYNH9RGDCQK,0
DKOECHX36VQW47UN,0
ACCEGH6SQEPM7FDE,0
JCKE3X2R6SBVFZGB,0
SHIE9ZYZQBKZQMWD,0
SNDEAHQKYZFGCH7G,0
BRAEE8SJFYFW6ZNF,0
ACCEAZCV5BHHDHFK,0
TSHEGG9HK9ZZ5FMZ,0
DRPEHWBFVFRQHHDG,0
TOPEBF3XZXYGUTST,0
GLSEGPCFGCZRYA73,0
TOPEBABFMZ2GSC2G,0
BDSEJJ7CDYYK8V8Y,0
BRAEBPZQKBRNMRVF,0
ACCEGKFEZFBG3DZW,0
WATE5HFYSH7YKZTM,0
CRTECN2RCJRME9QG,0
MUGEACY8MKDRNBFH,0
DRPEGXZUPDVVDCZV,0
ACCEGKFG5VWCR3JG,0
BRAECKHYYMVKTB69,0
PCSEA7HBHMUNHZRP,0
TWCEGVM7FVHXYEJN,0
BRAE3TSHYYHHMDRN,0
NKCEAY72GXRVWCXN,0
ACCEGPBYNU6BPFNR,0
NKCDWHFQF9DBHZVY,0
RTREFDT4U3A6UZEH,0
MUGEAGGKKZ7ADH6X,0
BRAEGGPYTPBPJ3AD,0
NKCE9PFFGUZHVSED,0
FABEBJGPTNUHZJAJ,0
ACCEAZCVMCRXYYFK,0
CRTECN2QUBBV3FGY,0
AIRED9YGJWG2GXUK,0
NKCE8RB5BFGQYK4G,0
NKCEDCT9R2VQYZJS,0
DREEGCS8RJAYEGAR,0
SNDEGGTVUJZ9HB2M,0
WATDJYPXHK7YPECY,0
TUNEARU7H4ZGXZKF,0
BRAECKHY8AG2JFGJ,0
ACCDSY8EHHF5TSKC,0
BRAEDSKCUGGMCWVT,0
BRAEA8YRZQASBTRC,0
RNGEDAKDZXZ7ZBES,0
LJGEJQAGMR4CTDYY,0
DSTEJJ8UB6GWJWFX,0
BRAEAYBGDDTBG4HW,0
FABE92NUZWQATUBQ,0
SNDED6556RHZN32H,0
NKCE6GJ5M53GTENH,0
NKCE7QNZHZH2DDNV,0
NKCE9ZWYQQT6JHZM,0
PACEB9TYMS5FEHHY,0
SWTEDMVMMFVPR5GR,0
BRAEDUQPBEFTCBQB,0
CSOEGTPQFQMAFRJR,0
MUGEAGGKRHDTRJNH,0
PCSEBHMYCGD9W5HE,0
TOPEBWGETHGUGJPB,0
NKCE8DY7KT53G7GG,0
TSHE5YZC5ZFJYPR2,0
CAGEBUD2ZWTAAHHV,0
RNGE7M92CZF9KXHA,0
JWSEBCY4FAPWRMWH,0
TOPEHZNZ3A7KV2ZG,0
SHOEHY9DYP2HYTSZ,0
PCSE93H4Q5THF7PG,0
NKCE996SQR4MGZSC,0
ACCEAZCVX4EZAQHZ,0
BRAE7Y46N7YAFU2H,0
BRAEAW9GSGECY8BM,0
CRTEA7HANEWK3TQ7,0
TOPE954FNTYZQVFZ,0
RNGDTBQVYNRNQTE7,0
AVCEASGPSFXKFXB8,0
RNGECEVYCZNGJBHY,0
PBXE7V9ZAKCN3NS2,0
PTGEGUZZJXXJBGPQ,0
RNGDWKZMMKGXBEB6,0
TKPDS6ZEWAR6GTAF,0
BHGEGTAVV8YFRFGZ,0
CBKEJ5PZWGGSBBSC,0
NKCE9G2BXWXY9UAA,0
CAGE6FYKENFUNW7N,0
TOPEDGFK5E8H6XFZ,0
BRAEB2S8VJF83M8C,0
ACCEDSKGPSQFT79Y,0
NKCE48ZUZRC4WGDQ,0
ACCEGCAVGGPQPH84,0
TUNE8X8ZQ6RFD8JK,0
BRAE6NZAJEGY7GZ8,0
BRAE3SGZAU6XAJUQ,0
LJGEA7QFYTBNHZGZ,0
SGLEJ56EENJEMV2Z,0
RNGDXJ5UVGSEGHGQ,0
MUGEBFGY5KP33HSX,0
FABE92NVNY884KUZ,0
BRAE6Z79ZEURU5ZN,0
TOPE5364EPE8W5FV,0
NKCE2RZCZZ7QDA9K,0
CRTECN2QTNDGT2VX,0
WATDG9F7TQKGHZHQ,0
WABEAHVERGBGCHZQ,0
CRTECN2QZZTXU2FZ,0
RNGE8ARYWYEBY3YB,0
NKCE5YA9TWAJGE2W,0
NKCDS6WDYRB8EAVU,0
BRAEE6YMHGPCFTYJ,0
RTREFDXTYEHF94PJ,0
CNDEGVE6PR98MZHU,0
BRAE4NMVJVB4DADP,0
SHTEB9BVH2S3XYCY,0
BRAE8EHTWXMGVQUS,0
NKCDU4RZRCZGVHZC,0
NKCE7H2EF53YKKUT,0
ACCE6J23PMCFS9ST,0
CSOE94WXZHYY9AYH,0
SHOE4AE68PRQSYF2,0
NKCE5UY9WFY7EAYC,0
NKCE96SXDK3JFZC3,0
SHOECV4SKFKBN8QQ,0
RNGE8RDFZZAPBPKB,0
SHOE2PQ4TFG9X8GF,0
ACBECZG4MSZBWZQT,0
MATEB88UVMT8FRPH,0
MUGEACY87DHFDDZC,0
PTLEH3DFPH3CST4J,0
NKCDWBPZXBKBN8GT,0
NKCE6FYZXPWT4TJZ,0
CBRE24GEGUHRSZAQ,0
BRAEDGM2BGZJHGJG,0
NKCECJZE5SEZKQYH,0
CRTE4DY4YV6KZCSK,0
NKCE9YFBSJVQRZ7P,0
SHTE8VYUZPHMDSHU,0
CRTECN2QXYAX58QU,0
RTRE387ZG6JUHDHP,0
RNGE9DXYHKZJAU3F,0
CBKEJ5Q6KRZM6CZN,0
BRAE86C6TR2DCC7C,0
PCSEBAGPMNWQYGP5,0
VLBEGFFENZPXGYPG,0
BRAEDX65QNAZVKMS,0
BRAEBJGZ6FPZVXVQ,0
DRPEHYHMKTQZZCR2,0
AIREGYJGHDMKNARY,0
NKCE7ZNG3SYNHGH8,0
VANDZY4YZFPEG85T,0
BRAEE5HR7UM4CZ7D,0
JEAEGGAY5GMTJ2HN,0
SHOEA4HAJ8FZ5HCX,0
NKCE5SZMHUZVUSNM,0
BRAEB2ZTW8HKBSQU,0
ACCEGH7AFNBQXZJQ,0
BBAE6GAWXPSTTPC8,0
VANEA92TVYHVE29G,0
BRAEBXRBBYZTETKN,0
CRTECN2QYRZDFBTB,0
NKCE6HZQSMTECZBC,0
BRAEDNX2FRTHKCFV,0
HLMEJMBMUCEYKEFN,0
TWCEGVM8ZBEPBH5G,0
CRTECN2QX4YHTJJR,0
TOPEHZNP4QZHVTDW,0
WSCEJFZSJHPBRWGK,0
PCSEC86VQBYAG5YA,0
HMBEJCMZWYWFFFSD,0
BRAEDQEDXQCTHXVN,0
SUDEHYGUGMJ4ASNN,0
RNGDTBQU2UT5H5MG,0
MIXEFUMYMTKP6DQC,0
WATDZ2ZQAFGKBF2Z,0
BRAE2M4QWF2FVMH5,0
BRAE3TSHVGGGXRHT,0
ACCE8DY6GCGZSNYJ,0
RNGE88QAP8FMFVWU,0
SHIE7ZWANZAZ7R6Z,0
NKCEAX7HWGSGKDZC,0
HAREGHFYAZYMUEWH,0
BRAE89F4YRG7QDZ3,0
BRAE7Y46NQNWP8PG,0
FABE7JPGXYAT6KDN,0
BRAEDQFRK3PYUHSZ,0
SRTEGWKMPXHHN4MF,0
BRAE6FZQNYTSJXGH,0
NKCE9Q93HGJVPUFS,0
CPCEH2BTEYRFXHP5,0
PCSEC86WAPNJE7QZ,0
SNDECV7CCGVPTAK4,0
NKCE69P8DBYVCSBY,0
CAGED6GKHQTG5RYF,0
CAGDVVX97KZEH2EJ,0
WATDZT4HFBZ7SXZE,0
NKCDZHF7GVHHGZRJ,0
PCSE6SJGY3ZSWGZ3,0
PACE43HFHGWUEV48,0
SHOE3S9BZ4SJUJFY,0
NKCDWHFRDMFWMSYT,0
PCSE97CPCHTJAB7M,0
LJGEATZSCYZA22DJ,0
NKCE4VA4SEQFEYUH,0
WATED3ZJHMGJQ8EY,0
BRAE7MBPWCQWDZCZ,0
SHIE93F2TFZXQHFG,0
MUGE4PXNXSEFGFZU,0
CPCEHZRGZ7KXYQXA,0
NKCEAFPJS8QQ93WM,0
ACCEGKXQH5DAPEES,0
CRTECN2QZ7HCCY8G,0
CRTECN2QZBYREFGP,0
NKCECPQAGXHB56HY,0
BDGEFMYFVFZQEHVK,0
CAGEBTJBNDAJ5DHY,0
BRAEDQEDVZT2TZ8A,0
WATE8B5KWSTMZK7P,0
SNDE56UUKGHHWFGF,0
LJGEJUG4GHSHHQ9A,0
PTPEFS9BGURCNHGV,0
NKCEBG9BHYUDAHH3,0
OTYEHZR7MXR4PBCZ,0
SHOEHYEX8J32HYWR,0
CAGE4DWQQYHVPD8C,0
ACCEGZ65UFENYQG5,0
DREEAJZTXE4GCAHP,0
TOPE5PHFZHVEY42Z,0
PCSDYQEWA86AYYVF,0
TSHEGF9V4FEUJTGD,0
CAGE3MWEW2FZFB9P,0
SNDEHZQ7GAQJ3JZ8,0
NKCE7MMGMSXFYC7B,0
BRADWZ4K9GN5VCM9,0
SHIEARR34RCY5ZPH,0
BOTEH2PGHGGCUPHH,0
HBLEGGM6MMQMZWK8,0
SHIE3YW8AGHPXQZZ,0
TOPDW8FNHZGB4XAM,0
PTGEGUZPFSNG6QZF,0
NKCE9G2BJHZ4TGUX,0
WATDPV5TVAPYZCJA,0
PCSE27VWRYYZMNZE,0
NKCE7TF6RFEV9U3Y,0
SHIED8FWBW8XWUGE,0
TLPEHCCVZGZ5VPEY,0
SHIEBBWHSYHSVV4U,0
LJGEFHZQFRXZFSSE,0
SHIECAYW3VZWGZGX,0
CRTE92XDANPCQTHQ,0
PBXE9YWGAZHPPQKQ,0
NKCEC9FMCGECBZZT,0
NKCE6SR4KGC4PD3S,0
TOPEBKYKHZ74DT6U,0
SHOEH7UH55F4X4AE,0
WATDWGAHMR6NHPWB,0
RNGEAY8GGPJTHDVB,0
PLLEHQVCWUAFATP5,0
PCSEBYMQRGV6RKDZ,0
BRAE8SMCGBASYHKZ,0
PRCDYWYKEKFFDGBP,0
BRAEBBYRZDGSGYSP,0
SHIEBCQZGGHHX6RE,0
HIFEBRYGYAY5NHTG,0
CRTECN2QUFY2YTJK,0
WATDZ2ZQ8JPDHCTJ,0
TOPE4NZACGQADPHM,0
CRTECN2QXNUBBSP9,0
TWCEJFXHC2FYZXSM,0
SOCEJPT5YDSZ7QQP,0
BRAE3Y3FFZGZFKZN,0
BRAE4VPRFQXBHFKN,0
SPMDHEZ4GT8R8HCH,0
RNGE864HRSHWNANE,0
PTPE9DQXGXYQXNBP,0
SUIEDSKCZY3VVE2T,0
PAEEAMGF59H8UHFV,0
MUGEACY8TXR6HT5K,0
BRAE2NF6QBUFMJTU,0
SHIE7DFNAFTC6R6M,0
BRAEEERRZPZMPJHK,0
PCSEAH5WCWFSNX4Y,0
BRAECKHYYXBSHAYX,0
PCSE98DZMYDTBNG9,0
SUDEGGAVPKU79WUX,0
SHOECEHRSPNUVTHH,0
SHIE2NM4FBBAYP9U,0
BRAEBGGV7537NF3Q,0
SHIE7MMKBRXEWKYQ,0
NKCDU4RZ7NQSCYDY,0
SDTEBPB9BP7FHFZV,0
BRAECFKHZBXHH5SS,0
CRTECN2QZSPZDNAR,0
PCSEC99M5VKHCAY6,0
ACCEJWHTY2HVMG7Z,0
SHIE9KPJYFHMQCQN,0
BRAE6ZCHAHQE5HD9,0
TOPE8YMARDXTNDCH,0
PBXEC8ATPF5FE9CF,0
PBXEDAVHCC3P7HA9,0
WATE4S5RZY2TJUHP,0
FABE92PZGJEMHTHU,0
FABE9Q5X2QG4P5BW,0
ACCDYDY68JNBV4BZ,0
RTRDNGVMSXKSREUJ,0
DSUEAC6SFWFUDRPB,0
BRAEBCY3ZGPMZFVG,0
CRTECN2QUFRSFG5H,0
CRTECN2QZ97PHXN9,0
NKCE4VA4KTPKY7E5,0
CAGEBTGHEFTZDHYA,0
NKCEDHHPHWD9JCGA,0
TOPEDN39ZNHGEREZ,0
ACCE6DZCGNZWZJYR,0
FAFEGVSGBESV4HYD,0
BDSE7FQ5QTGYQDH4,0
JCKDN7WVHQFS7GWG,0
NKCDX3BHHAQYXSKF,0
TUNEBYH39YV2GFFT,0
WATDSV3UHYZTAU58,0
SHOEHYFPMCNDPKZG,0
RNGDTBQT4FVR57WM,0
SHIE834ZXJ25KYBH,0
ACCEGQ5TP5TSZRK3,0
RNGE7M92T8TC3DQH,0
CRTECN2QUCNBTHBF,0
SUDEHYGUU99UH5PJ,0
PBXE5YG7YZ5QNWQG,0
SHOEGWYAGF5VNFDX,0
PBXEASZREAZXZXKZ,0
RNGEBFSXWAGFPHMY,0
PBXE547H7YBMSFAE,0
NKCECFGDGPUSCXXS,0
BRAEBBMQZHSZNF4N,0
MUGEGZUKUKGVPY4Z,0
NKCEBWSUDJHYA9PC,0
NKCDZFJMFNZUKXH3,0
PBXEANB7RWNGKNVY,0
TSHEHU5RYE6UH4SQ,0
DKOEAPCVX76BTZG2,0
BKPEGXU97PFBDHW4,0
BRAE8WPSX2PPJYMZ,0
CRTECN2QY87NFGXH,0
NKCDYHF8HKBHXYGY,0
CBKEHUYWBEUUCHAP,0
PBXE5YG7STNRNNUH,0
TROEGXURH5GXHQMG,0
MUGEAGGKGSPGYPHT,0
SNDE3VT3MMFHKD4Z,0
MATE49ATBA9NXCBG,0
CAGE8X8XXY7YGMFM,0
CAGE9ABBH8HSJQXD,0
RNGE8NA4ZZYUVZHW,0
DREEFQ8HZDKYYNPS,0
JEAEG6GRMCRZZJ7H,0
CRTECN2QUZWGEHEB,0
SBEEH3QGYGHFUEXN,0
CRTECN2QYATYF94A,0
NKCEFKBYZBXUBYBZ,0
ETHEGYHADMPVFJ89,0
TOPED9T3FQYMDWQW,0
PCSEEFZXJ8TG6RNP,0
BBAEHWDDMZNYAA3R,0
PBXE9ZWEPRBDMP2V,0
WATDJYPXSKYGWPXF,0
PBXE8GDHCSRVDNYP,0
SHIECH3WTZ9GH3RU,0
BRAE4DHZEBCG6YAN,0
ACCEGH6QZH3EDXK5,0
BRAE7EQZAZJKTPGA,0
MUGEBFGFEFPRH8F5,0
BRAE3WVQGWYEUEZ4,0
PTPDVPEXZACXZW3H,0
NLPEGUMZWFSEZSHZ,0
TOPECRUNJTYYJBDN,0
BRAE8RSAZYGGHF4E,0
SKTEYE86SU8B83ZA,0
FABEHZJADZCW6FXT,0
NKCECQYZ7T7ZBHGW,0
TSHEGGCHFAHRFARC,0
IRNEJQ46V9JGMQGQ,0
RNGECQP4BZZ8HYBA,0
CAGE8WYMHA8KZPT8,0
PTPE4YAN2DXZZGJY,0
TUNEHU6D7SFN7SYY,0
KRTE8BQ3PS5DHXTC,0
NKCEB2S9RKFKKHBJ,0
CRTECN2QV7YZBUY5,0
TOPEDDAENUQDFTMN,0
GLSEHEHZKEZA6K2A,0
CRTECN2QXRHY9NAY,0
CRTECN2QWCYXHPGQ,0
FABE93H9AGWMNDJR,0
PBXE8EHVHGAGE7GH,0
PCSEE4H5JMQQK2N5,0
GLSEHFRCCNBKHWTG,0
BRAE7FNDZBHFZFKA,0
ACCEGZ66UZTKPAF6,0
CRTECN2QTUUGDYSY,0
TOPEYY3987PACQE7,0
CAGE5HYNWQYHCGQS,0
NKCE6SR4HR8H87TY,0
SNDEGGQTJZNMGP32,0
CRTECN2QZZW6JVNQ,0
ACCE5ZCYYWU7ZX5P,0
NKCEFNPJYBPDATU6,0
NKCEAKKRFQQRV4UU,0
NKCEABATK2R74GPJ,0
NKCE8NTQZZDFGCHB,0
NKCDY44F79NUC7NF,0
SHTECY56T5NFH5KP,0
NKCE5DGMHZTD8HQX,0
ACCEGCAVP2NZEETM,0
WATECF8ZMJRTGZVK,0
ACCEY6JYDGGESWXC,0
LJGEJQ4ZHGA5XSD7,0
WATDDXF3D4SGXCW8,0
DREEDN3AH7TSH3R8,0
CRTECN2QZCHUWG6G,0
CAGDYD53CFZYCBVY,0
TSHEGJBQHHKQ5NUF,0
WATE9GY44ZQHHFGP,0
BRAEBBMQZFKXN5CP,0
ACCEGG9VJJHGYPN4,0
CRTEA7HAPG9RZMQD,0
FABE789NVCTG48YK,0
TOPE8YMA9YXKAGEW,0
NKCE6GJ5G7DNBFHA,0
CRTECN2QSWVMMX4U,0
SHOEFHP6DMKFTPHQ,0
PBXE6XUJFPETZWF4,0
ECOEH3DPYUSTWUE6,0
MUGEB7J7SENGQCZK,0
PTPE2Y3XXK9XGJCZ,0
BRAEGJFXESES6E8F,0
SHOEHYEZYBEEC2EE,0
PCSE4TF3HP7QP3NR,0
CRTECN2QSMFM2UCX,0
DRPEHYHFQ8KHHZHW,0
BRAE8RSARJGFTKQU,0
SWSEHZY2FZH6W4ZZ,0
TOPEHZP9DTWGBRTT,0
SNDEHZH4HY8SQ2PS,0
ACCEGYPGD9XH3RKR,0
BALEEZ2BZZ3ZT99G,0
PBXEACG2UYPXGRYD,0
TWCEJFXHFZT5UYFQ,0
BRAE9RWN5MUASAYE,0
BRAECKHYUV7F5SCW,0
MUGE8S9KNUVSQZ73,0
BAGEH2A4GHTVQYX5,0
NKCE87C3GGD8SSVG,0
SHIEY382DC3J6MBU,0
RNGE87FCBXPY8UU9,0
CRTECN2QV6YRPQDX,0
BRAEB2ZTZ4WCHZJ4,0
CRTECN2QU9FYCMKU,0
BDAEHFUJVKRGTS2F,0
MUGEAGGKMTYUFAGC,0
WATEF3HQZ3KB7U4V,0
HLUEJQ3S5PTUUDUH,0
CRTECN2QSNJJDVRM,0
BRAEA8YRYKKKV4GG,0
PCSEBAGCPVDXVN7G,0
CAGE3FCZBJNEY2CG,0
PLLEHQW7BYQDVKAY,0
BLAEE2GNSTEYGRFF,0
CRTE8ZZWHBBQ736Q,0
ACCE74HCM54BZFAX,0
SNDEDKKWEAFRMDR9,0
CRTECN2QZZGFGKSZ,0
WATDNA7SYSHZJ9PA,0
PCSE9SCFYQRSMAPY,0
RNGEDAK7ZFFEYTA3,0
RNGE7GVZYVV9XBMF,0
KTAEJFR3WZTZVXU5,0
ACCE6FZPCZQ2HYJX,0
NKCE8839JAR2FYDP,0
NKCDWSCCCDJHYHWA,0
ACCEFMU3W9JTAHMQ,0
NKCE8P4WBDWVSFRY,0
NKCE7MMGEGWYZ6WR,0
PCSE9KFHPHPM2JEU,0
NKCEAGXHHUXGZKAV,0
TSHEJHJRYXHGJVPW,0
PTLEH3DFKNJRHR94,0
SHIECRUMGA5TCBVG,0
PBXED67JM7NRT9T5,0
CRTECN2QVCPVUNEA,0
BRAE8AEYGVPNYWG9,0
ACCEGP52WRHFURYZ,0
BRAEBBMQZZF9A57T,0
PCSE3693XHY2PC9H,0
NKCEAZ6F6CUPMNYY,0
NKCEAX7HJGPZ84KZ,0
SHIECKYBUZCBZS8U,0
RNGDWKZMGSZJCGD3,0
CTTEH9FXP5DHZWF7,0
NKCE92GF4CCC8EWG,0
SNDEDNFG7ZNRNAGM,0
SHOE6ZQDA5GGTYHS,0
NKCE9EJKNEJR2EUG,0
MUGECEVF5ZYJRXMM,0
MUGE8DAUSNCVD2QG,0
NKCDSCF3GGTCQ23U,0
MUGE9ZVGGRKZBUUA,0
BRAEAW9KYQJFSCNE,0
NKCECATPXVYHGRKD,0
MUGEAGGKTPKSHZJY,0
SNDECV7CS9FRHD6V,0
PSOEH3ZXRTZJUVXM,0
PYJEJKZGTKN8RWSH,0
PBXE5YG7UGWA6MTM,0
SNDEGH3HWXFBXZJX,0
CAGDUNH3VAZ8PM3Q,0
TSHEGGCM94YSHMF7,0
NKCE52CSHUMGZEZF,0
WATECFYFXUKZGCVF,0
BEMEGFHSDCNRX9SG,0
CAGED6YFNUF4UUTH,0
BRAEB2ZTYSMJGXZD,0
DREEC88PDXYHGGTC,0
NKCE6Y3M64RTXY2F,0
BLAEEGQXXXKECK8Y,0
SHIE55GTBQGB5QSZ,0
RNGE9HCVKZXY6U5C,0
TOPE94JHDZCHXW6Z,0
MNKDZSMXADGFZD3C,0
NKCE5H4XWKNZZK3Q,0
RNGE65FGHZXFMJZM,0
CRTECN2QVQQNZMRW,0
SHIE7CFT6W7DVEHG,0
CRTECN2QXMDCFAGM,0
CRTEA7HAWQSZBKU3,0
NKCE8RB5TTZHZKCU,0
SHOEAF2JY9XKZTRG,0
TOPECJAYU9HYX3FA,0
BRAEGJFX4TT4SEGR,0
NSTE3HZ2FZZQF6ZC,0
SHVEARQAGHX9DCCM,0
MUGE6ZDZRKBKEHPF,0
SHOEA4HADYGNUZFM,0
NKCE9ZGXG9RCXERK,0
NKCEFKBYZSGGQFSZ,0
NKCEAFM7UZG85XFJ,0
SHOEFECFE5BHMYZA,0
MUGEAGGKGVE5CCWZ,0
TSHEGBWFQABQT9T8,0
PBXEBSK8Y64GE3SN,0
CRTECN2QYY7GUF8P,0
NKCE9ABEH2G48VYY,0
ACCE93GXBKVUSHVD,0
RNGEA9ZWUESYHZWU,0
BRAEBBMQZHVKMYN5,0
DSTEJS74YZGHCWTH,0
DREE3KKWWG8DBHHA,0
NKCE9ABEZJ4HWTZZ,0
HMBEEFYBSRZZM9NH,0
CRTECN2QUCRGWXHP,0
TOPED9T3J3EMHDKH,0
NKCECGVB6FPY5BFF,0
TSHE8ZJ4MGKSCYSD,0
CRTECN2QTVZWP3GY,0
SHIE6ZSBWKWVVNB2,0
CAGE7NK92GPZYHHY,0
BRAEE4P4QGQ9ZVVA,0
TOPEGGE4Y6KAKG8G,0
BRAEE6YMJ9MUYSHV,0
BRAE6MPEE4X6CMB4,0
NKCE96SXEYMV5XHV,0
NKCE2MAAPFUCVX6N,0
RTRDPEUPQRZGWHGC,0
PBXEAT5Y5YSQVE2D,0
PBXE4QFH2BXJGRMG,0
NKCE9PFFXYGAQMYB,0
NKCE7MMG3KGDMZF5,0
CLTEHE9FNRZSJGNB,0
PBXED6C4RXFZXDFY,0
PCSE3X2TT32P5RPH,0
WATEYG9YBGAFF7BA,0
NKCE7H5KYDYXWA3V,0
BRAE8EHTFDHPJYYE,0
TSHEG57SNQEHD97V,0
TOPEBHJAN6UCMYVK,0
CAGE75HSTPYGJGUA,0
VLBEHHW9HGUYFJAX,0
CAGDW63HYZAJ4EK9,0
CRTECN2QUFMQFXSR,0
SHIE9J6PUWBGKCAJ,0
KRTE9JEY64DMCQMC,0
PANEHZSVEUYJNYS5,0
POSEJUACYNRRFWFH,0
PTGEGUPF8QMQRVUY,0
SNDEHZQ6ABTZCWQG,0
SHIE24NXDDSGDSWP,0
NKCEBFWTWTBZAJKH,0
TSHEGFWNBCWVGQNG,0
CRTECN2QXPXD8ZAU,0
SNDEBCQZHYXUYHPN,0
CAYECGPSFMSBYTCF,0
FABE7D5ZXCFGF5MX,0
SHOED65Z2TDCFZHB,0
HACEJQ7HBH4H4JF8,0
DCVEJHVEMXYT6UF6,0
NKCECQYZ3R7WTKTZ,0
CRTECN2QWVFTBZZS,0
WATDUK7DKXV8WCAW,0
SHOE4KACKB28FTHD,0
BRAECFANR8THVRRX,0
RNGEDAK2VM5APFRG,0
WATEHYW2NGY59ZKC,0
SNDE4NZCJHXMJFTX,0
NKCEBHGBTUHNEGGX,0
WATD9H76GF3QFV22,0
WATEAYAHJ8CUCAYM,0
BRAEA64BMYASNDZQ,0
TOPEB7DZ5YSNTRUU,0
RSFEGR7K2RWHSQVH,0
CAGEFPY975UBEZMF,0
TSREG25AX3TQJZ3K,0
DREECZJEGFFEWCW4,0
HBLEGH7H48GDRZQP,0
NKCE6YF6WEFEK9W6,0
BRAEDSGAWGRCQSFG,0
CRTECN2QS6EBXAGP,0
NKCE96SX897S89H4,0
SGLE6MVKC8GWKYCF,0
ACCEJ6BRYHZVTDGF,0
CRTEHSSBYJGD7HGM,0
BRAE44SCYYFM74DE,0
CRTECN2QZG83YQGY,0
CLTEGMRUZGHZSTWH,0
WATE6Y6D2MZHWGBZ,0
BRAE7MMGS2FKH4MJ,0
TSHE4S26FVNGW5TZ,0
NKCEA4CAKB9D94JG,0
NSTE65WVWDXWRCKC,0
RNGEH4GMATPEZ3VV,0
CRGE956ZTWA2Q4JW,0
BRAEE845FYG5ZVM3,0
NLPEGUMHNGBY8DCC,0
JEAEGHQ2EC7RTBPN,0
NKCEDHHPWHDM6HQS,0
NKCECATPBQ4TRZKZ,0
NKCEAUXWF7BGPD6T,0
CRTECYY4HJPQG9Z4,0
NKCEBUPHVBPS9NMR,0
NKCE7NEFZM8NMRVM,0
CRGE8AUCFCPBYXYH,0
SNDEGFDVAFPTGYED,0
NKCE49ATR5MVGFTY,0
INKECA5VFTCGF77E,0
ACCEHHR5ESZAXDPA,0
SHOEBGDMKUF33QYC,0
DUPEGNY4RYYXGJH6,0
SWTEDMX4BW4KYHZS,0
